[
  {
    "name": "Dr. John Smith",
    "degree": "MBBS",
    "university": "University of Sydney",
    "available_times": ["Monday 9:00-11:00", "Wednesday 9:00-11:00", "Friday 9:00-11:00"],
    "specialties": ["General Practice", "Pediatrics"],
    "languages_spoken": ["English", "Mandarin"],
    "years_of_experience": 5,
    "introduction": "Dr. John Smith has been practicing medicine for 5 years, specializing in general practice and pediatrics. He is fluent in both English and Mandarin."
  },
  {
    "name": "Dr. Emily Brown",
    "degree": "MBBS",
    "university": "University of Melbourne",
    "available_times": ["Tuesday 10:00-12:00", "Thursday 10:00-12:00", "Saturday 10:00-12:00"],
    "specialties": ["General Practice", "Dermatology"],
    "languages_spoken": ["English", "Spanish"],
    "years_of_experience": 10,
    "introduction": "Dr. Emily Brown is a dedicated GP with 10 years of experience, focusing on general practice and dermatology. She speaks both English and Spanish."
  },
  {
    "name": "Dr. Michael Johnson",
    "degree": "MBBS",
    "university": "University of Queensland",
    "available_times": ["Monday 8:00-10:00", "Wednesday 8:00-10:00", "Friday 8:00-10:00"],
    "specialties": ["General Practice", "Cardiology"],
    "languages_spoken": ["English", "French"],
    "years_of_experience": 2,
    "introduction": "Dr. Michael Johnson has 2 years of experience in general practice and cardiology. He is fluent in English and French."
  },
  {
    "name": "Dr. Sarah Wilson",
    "degree": "MBBS",
    "university": "University of Western Australia",
    "available_times": ["Tuesday 9:00-11:00", "Thursday 9:00-11:00", "Saturday 9:00-11:00"],
    "specialties": ["General Practice", "Gynecology"],
    "languages_spoken": ["English", "Italian"],
    "years_of_experience": 8,
    "introduction": "Dr. Sarah Wilson is an experienced GP with 8 years of experience, focusing on general practice and gynecology. She speaks English and Italian."
  },
  {
    "name": "Dr. David Lee",
    "degree": "MBBS",
    "university": "University of Adelaide",
    "available_times": ["Monday 10:00-12:00", "Wednesday 10:00-12:00", "Friday 10:00-12:00"],
    "specialties": ["General Practice", "Orthopedics"],
    "languages_spoken": ["English", "Korean"],
    "years_of_experience": 14,
    "introduction": "Dr. David Lee has been practicing for 14 years, specializing in general practice and orthopedics. He is fluent in English and Korean."
  },
  {
    "name": "Dr. Jessica Martinez",
    "degree": "MBBS",
    "university": "University of New South Wales",
    "available_times": ["Tuesday 8:00-10:00", "Thursday 8:00-10:00", "Saturday 8:00-10:00"],
    "specialties": ["General Practice", "Endocrinology"],
    "languages_spoken": ["English", "Portuguese"],
    "years_of_experience": 9,
    "introduction": "Dr. Jessica Martinez is a skilled GP with 9 years of experience, focusing on general practice and endocrinology. She speaks English and Portuguese."
  },
  {
    "name": "Dr. Robert Taylor",
    "degree": "MBBS",
    "university": "University of Tasmania",
    "available_times": ["Monday 9:00-11:00", "Wednesday 9:00-11:00", "Friday 9:00-11:00"],
    "specialties": ["General Practice", "Neurology"],
    "languages_spoken": ["English", "German"],
    "years_of_experience": 11,
    "introduction": "Dr. Robert Taylor has 11 years of experience in general practice and neurology. He is fluent in English and German."
  },
  {
    "name": "Dr. Laura White",
    "degree": "MBBS",
    "university": "University of Sydney",
    "available_times": ["Tuesday 10:00-12:00", "Thursday 10:00-12:00", "Saturday 10:00-12:00"],
    "specialties": ["General Practice", "Psychiatry"],
    "languages_spoken": ["English", "Japanese"],
    "years_of_experience": 1,
    "introduction": "Dr. Laura White has 1 year of experience in general practice and psychiatry. She speaks English and Japanese."
  },
  {
    "name": "Dr. James Harris",
    "degree": "MBBS",
    "university": "University of Melbourne",
    "available_times": ["Monday 8:00-10:00", "Wednesday 8:00-10:00", "Friday 8:00-10:00"],
    "specialties": ["General Practice", "Gastroenterology"],
    "languages_spoken": ["English", "Russian"],
    "years_of_experience": 6,
    "introduction": "Dr. James Harris has 6 years of experience in general practice and gastroenterology. He is fluent in English and Russian."
  }
]
