[
  {
    "event_id": 1,
    "event_name": "Community Mask Distribution Day",
    "event_datetime": "2024-11-01T09:00:00",
    "location": "Melbourne Town Hall, CBD, Melbourne",
    "max_participants": 200,
    "supply_type": "Face Masks",
    "quantity_available": 2000
  },
  {
    "event_id": 2,
    "event_name": "Free Diabetes Test Strip Distribution",
    "event_datetime": "2024-11-05T14:00:00",
    "location": "Geelong Community Health Centre, Geelong",
    "max_participants": 100,
    "supply_type": "Diabetes Test Strips",
    "quantity_available": 1000
  },
  {
    "event_id": 3,
    "event_name": "Blood Pressure Monitor Giveaway",
    "event_datetime": "2024-11-10T10:00:00",
    "location": "Ballarat Base Hospital, Ballarat",
    "max_participants": 150,
    "supply_type": "Blood Pressure Monitors",
    "quantity_available": 150
  },
  {
    "event_id": 4,
    "event_name": "Free Hand Sanitizer Distribution",
    "event_datetime": "2024-11-15T13:00:00",
    "location": "Bendigo Community Health Services, Bendigo",
    "max_participants": 300,
    "supply_type": "Hand Sanitizer",
    "quantity_available": 3000
  },
  {
    "event_id": 5,
    "event_name": "First Aid Kit Giveaway",
    "event_datetime": "2024-11-20T11:00:00",
    "location": "Shepparton Medical Centre, Shepparton",
    "max_participants": 100,
    "supply_type": "First Aid Kits",
    "quantity_available": 100
  },
  {
    "event_id": 6,
    "event_name": "Free Vitamin D Supplement Distribution",
    "event_datetime": "2024-11-25T15:00:00",
    "location": "Mildura Base Public Hospital, Mildura",
    "max_participants": 250,
    "supply_type": "Vitamin D Supplements",
    "quantity_available": 2500
  },
  {
    "event_id": 7,
    "event_name": "Pregnancy Test Kit Giveaway",
    "event_datetime": "2024-12-01T10:00:00",
    "location": "Warrnambool Base Hospital, Warrnambool",
    "max_participants": 200,
    "supply_type": "Pregnancy Test Kits",
    "quantity_available": 1000
  },
  {
    "event_id": 8,
    "event_name": "Free Flu Shot Day",
    "event_datetime": "2024-12-05T09:00:00",
    "location": "Traralgon Centre Plaza, Traralgon",
    "max_participants": 500,
    "supply_type": "Flu Vaccines",
    "quantity_available": 500
  },
  {
    "event_id": 9,
    "event_name": "Thermometer Distribution Event",
    "event_datetime": "2024-12-10T14:00:00",
    "location": "Wodonga Community Health Centre, Wodonga",
    "max_participants": 150,
    "supply_type": "Digital Thermometers",
    "quantity_available": 150
  },
  {
    "event_id": 10,
    "event_name": "Free Condom Distribution Day",
    "event_datetime": "2024-12-15T13:00:00",
    "location": "Frankston Community Health Centre, Frankston",
    "max_participants": 300,
    "supply_type": "Condoms",
    "quantity_available": 3000
  },
  {
    "event_id": 11,
    "event_name": "Eyeglass Cleaning Kit Giveaway",
    "event_datetime": "2024-12-20T11:00:00",
    "location": "Dandenong Hospital, Dandenong",
    "max_participants": 200,
    "supply_type": "Eyeglass Cleaning Kits",
    "quantity_available": 500
  },
  {
    "event_id": 12,
    "event_name": "Free Dental Care Package Distribution",
    "event_datetime": "2024-12-25T10:00:00",
    "location": "Sunbury Community Health Centre, Sunbury",
    "max_participants": 250,
    "supply_type": "Dental Care Packages",
    "quantity_available": 250
  },
  {
    "event_id": 13,
    "event_name": "Mosquito Repellent Giveaway",
    "event_datetime": "2025-01-05T15:00:00",
    "location": "Mornington Community Health, Mornington",
    "max_participants": 400,
    "supply_type": "Mosquito Repellent",
    "quantity_available": 2000
  },
  {
    "event_id": 14,
    "event_name": "Free Sunscreen Distribution",
    "event_datetime": "2025-01-10T09:00:00",
    "location": "Torquay Community Health Centre, Torquay",
    "max_participants": 300,
    "supply_type": "Sunscreen",
    "quantity_available": 1500
  },
  {
    "event_id": 15,
    "event_name": "Bandage and Gauze Giveaway",
    "event_datetime": "2025-01-15T14:00:00",
    "location": "Echuca Regional Health, Echuca",
    "max_participants": 200,
    "supply_type": "Bandages and Gauze",
    "quantity_available": 2000
  },
  {
    "event_id": 16,
    "event_name": "Free Multivitamin Distribution",
    "event_datetime": "2025-01-20T11:00:00",
    "location": "Horsham Community Health, Horsham",
    "max_participants": 250,
    "supply_type": "Multivitamins",
    "quantity_available": 2500
  },
  {
    "event_id": 17,
    "event_name": "Disposable Gloves Giveaway",
    "event_datetime": "2025-01-25T13:00:00",
    "location": "Swan Hill District Health, Swan Hill",
    "max_participants": 300,
    "supply_type": "Disposable Gloves",
    "quantity_available": 3000
  },
  {
    "event_id": 18,
    "event_name": "Free Iodine Tablets Distribution",
    "event_datetime": "2025-02-01T10:00:00",
    "location": "Castlemaine Health, Castlemaine",
    "max_participants": 150,
    "supply_type": "Iodine Tablets",
    "quantity_available": 1500
  },
  {
    "event_id": 19,
    "event_name": "Hearing Aid Battery Giveaway",
    "event_datetime": "2025-02-05T15:00:00",
    "location": "Wangaratta Hospital, Wangaratta",
    "max_participants": 100,
    "supply_type": "Hearing Aid Batteries",
    "quantity_available": 1000
  },
  {
    "event_id": 20,
    "event_name": "Free Compression Stockings Distribution",
    "event_datetime": "2025-02-10T14:00:00",
    "location": "Portland District Health, Portland",
    "max_participants": 150,
    "supply_type": "Compression Stockings",
    "quantity_available": 300
  },
  {
    "event_id": 21,
    "event_name": "Pill Organizer Giveaway",
    "event_datetime": "2025-02-15T11:00:00",
    "location": "Kyneton District Health Service, Kyneton",
    "max_participants": 200,
    "supply_type": "Pill Organizers",
    "quantity_available": 500
  },
  {
    "event_id": 22,
    "event_name": "Free Nasal Spray Distribution",
    "event_datetime": "2025-02-20T09:00:00",
    "location": "Bairnsdale Regional Health Service, Bairnsdale",
    "max_participants": 250,
    "supply_type": "Nasal Sprays",
    "quantity_available": 1000
  },
  {
    "event_id": 23,
    "event_name": "Wound Care Kit Giveaway",
    "event_datetime": "2025-02-25T13:00:00",
    "location": "Hamilton Base Hospital, Hamilton",
    "max_participants": 150,
    "supply_type": "Wound Care Kits",
    "quantity_available": 300
  },
  {
    "event_id": 24,
    "event_name": "Free Oral Rehydration Salts Distribution",
    "event_datetime": "2025-03-01T10:00:00",
    "location": "Sale Hospital, Sale",
    "max_participants": 300,
    "supply_type": "Oral Rehydration Salts",
    "quantity_available": 3000
  },
  {
    "event_id": 25,
    "event_name": "Ankle Brace Giveaway",
    "event_datetime": "2025-03-05T15:00:00",
    "location": "Ararat Hospital, Ararat",
    "max_participants": 100,
    "supply_type": "Ankle Braces",
    "quantity_available": 200
  },
  {
    "event_id": 26,
    "event_name": "Free Pregnancy Vitamin Distribution",
    "event_datetime": "2025-03-10T14:00:00",
    "location": "Stawell Regional Health, Stawell",
    "max_participants": 200,
    "supply_type": "Pregnancy Vitamins",
    "quantity_available": 2000
  },
  {
    "event_id": 27,
    "event_name": "Asthma Inhaler Spacer Giveaway",
    "event_datetime": "2025-03-15T11:00:00",
    "location": "Colac Area Health, Colac",
    "max_participants": 150,
    "supply_type": "Inhaler Spacers",
    "quantity_available": 300
  },
  {
    "event_id": 28,
    "event_name": "Free Pill Cutter Distribution",
    "event_datetime": "2025-03-20T09:00:00",
    "location": "Benalla Health, Benalla",
    "max_participants": 250,
    "supply_type": "Pill Cutters",
    "quantity_available": 500
  },
  {
    "event_id": 29,
    "event_name": "Elastic Bandage Giveaway",
    "event_datetime": "2025-03-25T13:00:00",
    "location": "Kyabram District Health Services, Kyabram",
    "max_participants": 200,
    "supply_type": "Elastic Bandages",
    "quantity_available": 1000
  },
  {
    "event_id": 30,
    "event_name": "Free Glucose Meter Distribution",
    "event_datetime": "2025-03-30T10:00:00",
    "location": "Maryborough District Health Service, Maryborough",
    "max_participants": 100,
    "supply_type": "Glucose Meters",
    "quantity_available": 100
  }
]
