[
  {
    "event_id": 1,
    "event_name": "Heart Health Seminar",
    "event_datetime": "2024-11-02T15:00:00",
    "location": "Melbourne Convention Centre, South Wharf",
    "max_participants": 200,
    "speaker_name": "Dr. Sarah Johnson",
    "speaker_expertise": "Cardiologist",
    "topic": "Preventing Cardiovascular Diseases"
  },
  {
    "event_id": 2,
    "event_name": "Children's Nutrition Workshop",
    "event_datetime": "2024-11-06T10:00:00",
    "location": "Royal Children's Hospital, Parkville",
    "max_participants": 100,
    "speaker_name": "Emma Thompson",
    "speaker_expertise": "Nutritionist",
    "topic": "Importance of Balanced Diet for Kids"
  },
  {
    "event_id": 3,
    "event_name": "Mental Health Awareness Talk",
    "event_datetime": "2024-11-10T14:00:00",
    "location": "Geelong Library and Heritage Centre",
    "max_participants": 150,
    "speaker_name": "Dr. Michael Chen",
    "speaker_expertise": "Psychiatrist",
    "topic": "Understanding and Managing Anxiety"
  },
  {
    "event_id": 4,
    "event_name": "Diabetes Management Seminar",
    "event_datetime": "2024-11-15T11:00:00",
    "location": "Ballarat Base Hospital",
    "max_participants": 80,
    "speaker_name": "Dr. Lisa Brown",
    "speaker_expertise": "Endocrinologist",
    "topic": "Living Well with Diabetes"
  },
  {
    "event_id": 5,
    "event_name": "Skin Cancer Prevention Lecture",
    "event_datetime": "2024-11-20T13:00:00",
    "location": "Bendigo Hospital",
    "max_participants": 120,
    "speaker_name": "Dr. Robert Taylor",
    "speaker_expertise": "Dermatologist",
    "topic": "Sun Safety and Skin Health"
  },
  {
    "event_id": 6,
    "event_name": "Women's Health Symposium",
    "event_datetime": "2024-11-25T09:00:00",
    "location": "Shepparton Civic Centre",
    "max_participants": 180,
    "speaker_name": "Dr. Emily White",
    "speaker_expertise": "Gynecologist",
    "topic": "Hormonal Health Throughout Life"
  },
  {
    "event_id": 7,
    "event_name": "Asthma Management Workshop",
    "event_datetime": "2024-11-30T10:00:00",
    "location": "Mildura Base Public Hospital",
    "max_participants": 60,
    "speaker_name": "Dr. James Wilson",
    "speaker_expertise": "Pulmonologist",
    "topic": "Effective Asthma Control Strategies"
  },
  {
    "event_id": 8,
    "event_name": "Fitness for Seniors Seminar",
    "event_datetime": "2024-12-05T14:00:00",
    "location": "Warrnambool Library",
    "max_participants": 100,
    "speaker_name": "Anna Lee",
    "speaker_expertise": "Physiotherapist",
    "topic": "Staying Active in Your Golden Years"
  },
  {
    "event_id": 9,
    "event_name": "Stress Management Talk",
    "event_datetime": "2024-12-10T16:00:00",
    "location": "Traralgon Performing Arts Centre",
    "max_participants": 150,
    "speaker_name": "David Green",
    "speaker_expertise": "Psychologist",
    "topic": "Coping Techniques for Modern Life"
  },
  {
    "event_id": 10,
    "event_name": "Healthy Eating on a Budget Workshop",
    "event_datetime": "2024-12-15T11:00:00",
    "location": "Wodonga Community Centre",
    "max_participants": 80,
    "speaker_name": "Sarah Miller",
    "speaker_expertise": "Dietitian",
    "topic": "Nutritious Meals Without Breaking the Bank"
  },
  {
    "event_id": 11,
    "event_name": "Back Pain Prevention Lecture",
    "event_datetime": "2024-12-20T13:00:00",
    "location": "Frankston Arts Centre",
    "max_participants": 120,
    "speaker_name": "John Smith",
    "speaker_expertise": "Chiropractor",
    "topic": "Maintaining a Healthy Spine"
  },
  {
    "event_id": 12,
    "event_name": "Sleep Health Seminar",
    "event_datetime": "2025-01-05T19:00:00",
    "location": "Dandenong Drum Theatre",
    "max_participants": 200,
    "speaker_name": "Dr. Rachel Adams",
    "speaker_expertise": "Sleep Specialist",
    "topic": "Improving Sleep Quality for Better Health"
  },
  {
    "event_id": 13,
    "event_name": "Adolescent Mental Health Talk",
    "event_datetime": "2025-01-10T15:00:00",
    "location": "Sunbury Community Health Centre",
    "max_participants": 100,
    "speaker_name": "Mark Johnson",
    "speaker_expertise": "Child Psychologist",
    "topic": "Supporting Teens' Emotional Wellbeing"
  },
  {
    "event_id": 14,
    "event_name": "Arthritis Management Workshop",
    "event_datetime": "2025-01-15T10:00:00",
    "location": "Mornington Library",
    "max_participants": 70,
    "speaker_name": "Dr. Patricia Lee",
    "speaker_expertise": "Rheumatologist",
    "topic": "Living Comfortably with Arthritis"
  },
  {
    "event_id": 15,
    "event_name": "Heart-Healthy Cooking Demonstration",
    "event_datetime": "2025-01-20T12:00:00",
    "location": "Torquay Community House",
    "max_participants": 50,
    "speaker_name": "Daniel Brown",
    "speaker_expertise": "Chef",
    "topic": "Delicious and Nutritious Heart-Friendly Recipes"
  },
  {
    "event_id": 16,
    "event_name": "Dementia Awareness Lecture",
    "event_datetime": "2025-01-25T14:00:00",
    "location": "Echuca Library",
    "max_participants": 90,
    "speaker_name": "Dr. Sophie Taylor",
    "speaker_expertise": "Neurologist",
    "topic": "Understanding and Supporting Dementia Patients"
  },
  {
    "event_id": 17,
    "event_name": "Pregnancy and Childbirth Seminar",
    "event_datetime": "2025-01-30T18:00:00",
    "location": "Horsham Town Hall",
    "max_participants": 150,
    "speaker_name": "Dr. Laura Wilson",
    "speaker_expertise": "Obstetrician",
    "topic": "Preparing for a Healthy Pregnancy and Delivery"
  },
  {
    "event_id": 18,
    "event_name": "Men's Health Awareness Talk",
    "event_datetime": "2025-02-05T19:00:00",
    "location": "Swan Hill Town Hall",
    "max_participants": 100,
    "speaker_name": "Dr. Andrew Clark",
    "speaker_expertise": "Urologist",
    "topic": "Prostate Health and Preventive Care"
  },
  {
    "event_id": 19,
    "event_name": "Childhood Obesity Prevention Workshop",
    "event_datetime": "2025-02-10T10:00:00",
    "location": "Castlemaine Community House",
    "max_participants": 80,
    "speaker_name": "Dr. Olivia Chen",
    "speaker_expertise": "Pediatrician",
    "topic": "Promoting Healthy Habits in Children"
  },
  {
    "event_id": 20,
    "event_name": "Mindfulness and Meditation Seminar",
    "event_datetime": "2025-02-15T16:00:00",
    "location": "Wangaratta Performing Arts Centre",
    "max_participants": 120,
    "speaker_name": "Tom Harris",
    "speaker_expertise": "Meditation Instructor",
    "topic": "Incorporating Mindfulness into Daily Life"
  },
  {
    "event_id": 21,
    "event_name": "Allergy Management Lecture",
    "event_datetime": "2025-02-20T13:00:00",
    "location": "Portland Civic Hall",
    "max_participants": 70,
    "speaker_name": "Dr. Emma Roberts",
    "speaker_expertise": "Allergist",
    "topic": "Understanding and Managing Common Allergies"
  },
  {
    "event_id": 22,
    "event_name": "Eye Health Awareness Talk",
    "event_datetime": "2025-02-25T15:00:00",
    "location": "Kyneton Town Hall",
    "max_participants": 90,
    "speaker_name": "Dr. Wong",
    "speaker_expertise": "Optometrist",
    "topic": "Maintaining Good Vision Throughout Life"
  },
  {
    "event_id": 23,
    "event_name": "Bone Health and Osteoporosis Seminar",
    "event_datetime": "2025-03-02T11:00:00",
    "location": "Bairnsdale Library",
    "max_participants": 100,
    "speaker_name": "Dr. Maria Garcia",
    "speaker_expertise": "Endocrinologist",
    "topic": "Preventing and Managing Osteoporosis"
  },
  {
    "event_id": 24,
    "event_name": "Healthy Aging Workshop",
    "event_datetime": "2025-03-07T14:00:00",
    "location": "Hamilton Performing Arts Centre",
    "max_participants": 150,
    "speaker_name": "Dr. William Brown",
    "speaker_expertise": "Geriatrician",
    "topic": "Strategies for a Vibrant and Healthy Senior Life"
  },
  {
    "event_id": 25,
    "event_name": "Smoking Cessation Lecture",
    "event_datetime": "2025-03-12:00:00",
    "location": "Sale Memorial Hall",
    "max_participants": 80,
    "speaker_name": "Dr. Jennifer Lee",
    "speaker_expertise": "Respiratory Specialist",
    "topic": "Effective Methods to Quit Smoking"
  },
  {
    "event_id": 26,
    "event_name": "Dental Health Seminar",
    "event_datetime": "2025-03-17T10:00:00",
    "location": "Ararat Town Hall",
    "max_participants": 110,
    "speaker_name": "Dr. Michael Smith",
    "speaker_expertise": "Dentist",
    "topic": "Maintaining Optimal Oral Health"
  },
  {
    "event_id": 27,
    "event_name": "Posture and Ergonomics Workshop",
    "event_datetime": "2025-03-22T13:00:00",
    "location": "Stawell Entertainment Centre",
    "max_participants": 60,
    "speaker_name": "Sarah Thompson",
    "speaker_expertise": "Ergonomist",
    "topic": "Improving Posture for Better Health"
  },
  {
    "event_id": 28,
    "event_name": "Digestive Health Talk",
    "event_datetime": "2025-03-27T16:00:00",
    "location": "Colac Otway Performing Arts Centre",
    "max_participants": 100,
    "speaker_name": "Dr. Robert Davis",
    "speaker_expertise": "Gastroenterologist",
    "topic": "Understanding and Maintaining Gut Health"
  },
  {
    "event_id": 29,
    "event_name": "First Aid and CPR Training",
    "event_datetime": "2025-04-01T09:00:00",
    "location": "Benalla Performing Arts Centre",
    "max_participants": 50,
    "speaker_name": "Jack Wilson",
    "speaker_expertise": "Paramedic Instructor",
    "topic": "Essential First Aid Skills for Everyday Life"
  },
  {
    "event_id": 30,
    "event_name": "Vaccine Awareness Seminar",
    "event_datetime": "2025-04-06T14:00:00",
    "location": "Kyabram Town Hall",
    "max_participants": 130,
    "speaker_name": "Dr. Elizabeth Taylor",
    "speaker_expertise": "Immunologist",
    "topic": "Understanding the Importance of Vaccinations"
  }
]
