[
  {
    "username": "john_doe",
    "email": "john.doe@example.com",
    "password": "Password123!",
    "confirmPassword": "Password123!",
    "areYouLiveInAusTralia": true,
    "reason": "Looking for medical consultation.",
    "gender": "male"
  },
  {
    "username": "jane_smith",
    "email": "jane.smith@example.com",
    "password": "SecurePass456@",
    "confirmPassword": "SecurePass456@",
    "areYouLiveInAusTralia": true,
    "reason": "Interested in health services.",
    "gender": "female"
  }
]
